"","Rank","Name","English Name","Country","Population","Remark","lon","lat","PrettyPop","PrettyRank","id"
"1",1,"Guangzhou","Canton","China",47700000,"Northern Pearl River Delta; incl. Dongguan, Foshan, Jiangmen, Shenzhen, Zhongshan",113.264385,23.12911,"47,700,000","1st",1
"2",2,"Tōkyō","Tokyo","Japan",39500000,"incl. Chiba, Kawasaki, Maebashi, Sagamihara, Saitama, Utsunomiya, Yokohama",139.7319925,35.7090259,"39,500,000","2nd",2
"3",3,"Shanghai","Shanghai","China",30900000,"incl. Suzhou",121.473701,31.230416,"30,900,000","3rd",3
"4",4,"Jakarta","Jakarta","Indonesia",28100000,"incl. Bekasi, Bogor, Depok, Tangerang, Tangerang Selatan",106.845599,-6.2087634,"28,100,000","4th",4
"5",5,"Delhi","Delhi","India",26400000,"incl. Faridabad, Ghaziabad, Gurgaon",77.2090212,28.6139391,"26,400,000","5th",5
"6",6,"Seoul","Seoul","Korea (South)",24400000,"incl. Bucheon, Goyang, Incheon, Seongnam, Suweon",127.0610228,37.5103238,"24,400,000","6th",6
"7",7,"Karāchi","Karachi","Pakistan",24300000,"",67.0099388,24.8614622,"24,300,000","7th",7
"8",8,"Manila","Manila","Philippines",23300000,"incl. Kalookan, Quezon City",120.9842195,14.5995124,"23,300,000","8th",8
"9",9,"Mumbai","Bombay","India",23200000,"incl. Bhiwandi, Kalyan, Thane, Ulhasnagar, Vasai-Virar",72.8776559,19.0759837,"23,200,000","9th",9
"10",10,"Ciudad de México","Mexico City","Mexico",22100000,"incl. Nezahualcóyotl, Ecatepec, Naucalpan",-99.133208,19.4326077,"22,100,000","10th",10
"11",11,"New York","New York","United States of America",22000000,"incl. Bridgeport, Newark, New Haven",-74.0059413,40.7127837,"22,000,000","11th",11
"12",12,"São Paulo","São Paulo","Brazil",21800000,"incl. Guarulhos",-46.6333094,-23.5505199,"21,800,000","12th",12
"13",13,"Beijing","Beijing","China",21100000,"",116.407395,39.904211,"21,100,000","13th",13
"14",14,"Ōsaka","Osaka","Japan",17800000,"incl. Himeji, Kōbe, Kyōto, Sakai",135.5021651,34.6937378,"17,800,000","14th",14
"15",15,"Dhaka","Dacca","Bangladesh",17600000,"",90.4125181,23.810332,"17,600,000","15th",15
"16",15,"Los Angeles","Los Angeles","United States of America",17600000,"incl. Anaheim, Riverside",-118.2436849,34.0522342,"17,600,000","15th",16
"17",17,"Lagos","Lagos","Nigeria",17100000,"",3.3792057,6.5243793,"17,100,000","17th",17
"18",18,"Krung Thep","Bangkok","Thailand",16900000,"",100.5017651,13.7563309,"16,900,000","18th",18
"19",18,"Moskva","Moscow","Russia",16900000,"",37.6173,55.755826,"16,900,000","18th",19
"20",20,"Al-Qāhirah","Cairo","Egypt",16800000,"incl. Al-Jizah, Hulwan, Shubra al-Khaymah",31.2357116,30.0444196,"16,800,000","20th",20
"21",21,"Kolkata","Calcutta","India",16000000,"incl. Haora",88.363895,22.572646,"16,000,000","21st",21
"22",22,"Buenos Aires","Buenos Aires","Argentina",15800000,"incl. San Justo, La Plata",-58.3815591,-34.6036844,"15,800,000","22nd",22
"23",23,"London","London","Great Britain",14400000,"",-0.1277583,51.5073509,"14,400,000","23rd",23
"24",24,"İstanbul","Istanbul","Turkey",14300000,"",28.9783589,41.0082376,"14,300,000","24th",24
"25",25,"Tehrān","Tehran","Iran",13700000,"incl. Karaj",51.381653,35.7248416,"13,700,000","25th",25
"26",26,"Johannesburg","Johannesburg","South Africa",13400000,"incl. East Rand, Evaton, Pretoria, Soshanguve, Soweto, Vereeniging, West Rand",28.0473051,-26.2041028,"13,400,000","26th",26
"27",27,"Rio de Janeiro","Rio de Janeiro","Brazil",12700000,"incl. Nova Iguaçu, São Gonçalo",-43.1728965,-22.9068467,"12,700,000","27th",27
"28",28,"Tianjin","Tientsin","China",11400000,"",117.200983,39.084158,"11,400,000","28th",28
"29",29,"Paris","Paris","France",11200000,"",2.3522219,48.856614,"11,200,000","29th",29
"30",30,"Kinshasa","Kinshasa","Congo (Dem. Rep.)",10600000,"",15.2662931,-4.4419311,"10,600,000","30th",30
"31",31,"Bengaluru","Bangalore","India",10500000,"",77.5945627,12.9715987,"10,500,000","31st",31
"32",32,"Nagoya","Nagoya","Japan",10400000,"",136.906398,35.1814464,"10,400,000","32nd",32
"33",33,"Lāhore","Lahore","Pakistan",10200000,"",74.3571581,31.5546061,"10,200,000","33rd",33
"34",34,"Chennai","Madras","India",10000000,"",80.2707184,13.0826802,"10,000,000","34th",34
"35",34,"Xiamen","Xiamen","China",10000000,"incl. Jinjiang, Quanzhou",118.089425,24.479834,"10,000,000","34th",35
"36",36,"Lima","Lima","Peru",9950000,"",-77.0427934,-12.046374,"9,950,000","36th",36
"37",37,"Chicago","Chicago","United States of America",9800000,"",-87.6297982,41.8781136,"9,800,000","37th",37
"38",38,"Chengdu","Chengtu","China",9600000,"incl. Shuangliu",104.066801,30.572816,"9,600,000","38th",38
"39",39,"Bogotá","Bogotá","Colombia",9350000,"",-74.072092,4.7109886,"9,350,000","39th",39
"40",40,"Taibei","Taipei","Taiwan (Rep. of China)",9050000,"incl. Taoyuan, New Taipei City (Xinbei)",NA,NA,"9,050,000","40th",40
"41",41,"Hyderābād","Hyderabad","India",9000000,"",78.486671,17.385044,"9,000,000","41st",41
"42",42,"Washington","Washington","United States of America",8350000,"incl. Baltimore",-77.0368707,38.9071923,"8,350,000","42nd",42
"43",43,"Hangzhou","Hangchou","China",8300000,"incl. Shaoxing",120.15507,30.274085,"8,300,000","43rd",43
"44",44,"Thành Phố Hồ Chí Minh","Saigon","Vietnam",8250000,"incl. Biên Hòa",106.6296638,10.8230989,"8,250,000","44th",44
"45",45,"Wuhan","Wuhan","China",8000000,"",114.305393,30.593099,"8,000,000","45th",45
"46",46,"Shantou","Shantou","China",7950000,"incl. Chaozhou, Jieyang, Puning",116.681972,23.354091,"7,950,000","46th",46
"47",47,"Shenyang","Shenyang","China",7650000,"incl. Fushun",123.431472,41.805699,"7,650,000","47th",47
"48",48,"San Francisco","San Francisco","United States of America",7600000,"incl. Concord, Oakland, San Jose, Santa Rosa",-122.4194155,37.7749295,"7,600,000","48th",48
"49",49,"Ahmadābād","Ahmedabad","India",7450000,"",72.5713621,23.022505,"7,450,000","49th",49
"50",50,"Boston","Boston","United States of America",7350000,"incl. Providence",-71.0588801,42.3600825,"7,350,000","50th",50
"51",51,"Philadelphia","Philadelphia","United States of America",7300000,"incl. Allentown, Trenton",-75.1652215,39.9525839,"7,300,000","51st",51
"52",52,"Hong Kong","Hong Kong","China",7250000,"incl. Kowloon, Victoria",114.109497,22.396428,"7,250,000","52nd",52
"53",53,"Toronto","Toronto","Canada",7100000,"incl. Hamilton",-79.3831843,43.653226,"7,100,000","53rd",53
"54",54,"Chongqing","Chungking","China",7050000,"",106.551556,29.56301,"7,050,000","54th",54
"55",54,"Santiago","Santiago","Chile",7050000,"",-70.6692655,-33.4488897,"7,050,000","54th",55
"56",56,"Kuala Lumpur","Kuala Lumpur","Malaysia",7000000,"incl. Klang",101.686855,3.139003,"7,000,000","56th",56
"57",57,"Singapore","Singapore","Singapore",6900000,"incl. Johor Bahru (Malaysia)",103.8677444,1.3553794,"6,900,000","57th",57
"58",58,"Baghdād","Baghdad","Iraq",6850000,"",44.3614875,33.3128057,"6,850,000","58th",58
"59",58,"Nanjing","Nanking","China",6850000,"",118.796877,32.060255,"6,850,000","58th",59
"60",60,"Luanda","Luanda","Angola",6800000,"",13.2894368,-8.8399876,"6,800,000","60th",60
"61",61,"Ar-Riyād","Riyadh","Saudi Arabia",6700000,"",46.6752957,24.7135517,"6,700,000","61st",61
"62",62,"Xi'an","Sian","China",6650000,"incl. Xianyang",108.93977,34.341575,"6,650,000","62nd",62
"63",63,"Dallas","Dallas","United States of America",6550000,"incl. Fort Worth",-96.7969879,32.7766642,"6,550,000","63rd",63
"64",64,"Madrid","Madrid","Spain",6250000,"",-3.7037902,40.4167754,"6,250,000","64th",64
"65",65,"Houston","Houston","United States of America",6200000,"",-95.3698028,29.7604267,"6,200,000","65th",65
"66",66,"Miami","Miami","United States of America",6100000,"incl. Fort Lauderdale, West Palm Beach",-80.1917902,25.7616798,"6,100,000","66th",66
"67",66,"Pune","Poona","India",6100000,"incl. Pimpri-Chinchwad",73.8567437,18.5204303,"6,100,000","66th",67
"68",68,"Bandung","Bandung","Indonesia",5950000,"",107.6191228,-6.9174639,"5,950,000","68th",68
"69",69,"Wenzhou","Wenzhou","China",5900000,"",120.699362,27.993828,"5,900,000","69th",69
"70",70,"Detroit","Detroit","United States of America",5700000,"incl. Toledo, Windsor (Canada)",-83.0457538,42.331427,"5,700,000","70th",70
"71",70,"Qingdao","Tsingtao","China",5700000,"",120.382609,36.067108,"5,700,000","70th",71
"72",70,"Sūrat","Surat","India",5700000,"",72.8310607,21.1702401,"5,700,000","70th",72
"73",73,"Ruhrgebiet","The Ruhr","Germany",5600000,"",7.6282792,51.3659097,"5,600,000","73rd",73
"74",74,"Al-Kharṭūm","Khartoum","Sudan",5550000,"",32.5598994,15.5006544,"5,550,000","74th",74
"75",75,"Atlanta","Atlanta","United States of America",5500000,"",-84.3879824,33.7489954,"5,500,000","75th",75
"76",76,"Sankt-Peterburg","Saint Petersburg","Russia",5450000,"",30.3350986,59.9342802,"5,450,000","76th",76
"77",77,"Dar es Salaam","Dar es Salaam","Tanzania",5300000,"",39.2083284,-6.792354,"5,300,000","77th",77
"78",78,"Nairobi","Nairobi","Kenya",5200000,"",36.8219462,-1.2920659,"5,200,000","78th",78
"79",79,"Al-Iskandariyah","Alexandria","Egypt",5150000,"",29.9187387,31.2000924,"5,150,000","79th",79
"80",79,"Harbin","Harbin","China",5150000,"",126.534967,45.803775,"5,150,000","79th",80
"81",79,"Milano","Milan","Italy",5150000,"",9.1859243,45.4654219,"5,150,000","79th",81
"82",79,"Yangon","Rangoon","Myanmar",5150000,"",96.195132,16.8660694,"5,150,000","79th",82
"83",83,"Abidjan","Abidjan","Côte d'Ivoire",5050000,"",-4.0082563,5.3599517,"5,050,000","83rd",83
"84",84,"Guadalajara","Guadalajara","Mexico",4975000,"incl. Zapopan",-103.3496092,20.6596988,"4,975,000","84th",84
"85",85,"Belo Horizonte","Belo Horizonte","Brazil",4925000,"",-43.9344931,-19.9166813,"4,925,000","85th",85
"86",86,"Sydney","Sydney","Australia",4900000,"incl. Central Coast",151.2069902,-33.8674869,"4,900,000","86th",86
"87",87,"Köln / Düsseldorf","Cologne / Dusseldorf","Germany",4850000,"incl. Bonn, Wuppertal",6.9602786,50.937531,"4,850,000","87th",87
"88",88,"Surabaya","Surabaya","Indonesia",4700000,"",112.7520883,-7.2574719,"4,700,000","88th",88
"89",89,"Ankara","Ankara","Turkey",4675000,"",32.8597419,39.9333635,"4,675,000","89th",89
"90",89,"Colombo","Colombo","Sri Lanka",4675000,"",79.861243,6.9270786,"4,675,000","89th",90
"91",89,"Zhengzhou","Zhengzhou","China",4675000,"",113.625328,34.746611,"4,675,000","89th",91
"92",92,"Barcelona","Barcelona","Spain",4650000,"",2.1734035,41.3850639,"4,650,000","92nd",92
"93",92,"Monterrey","Monterrey","Mexico",4650000,"",-100.3161126,25.6866142,"4,650,000","92nd",93
"94",94,"Accra","Accra","Ghana",4575000,"",-0.1869644,5.6037168,"4,575,000","94th",94
"95",95,"Hefei","Hofei","China",4550000,"",117.227219,31.820592,"4,550,000","95th",95
"96",96,"Chittagong","Chittagong","Bangladesh",4525000,"",91.8123324,22.3475365,"4,525,000","96th",96
"97",97,"Berlin","Berlin","Germany",4500000,"",13.404954,52.5200066,"4,500,000","97th",97
"98",97,"Dalian","Dairen","China",4500000,"",121.614682,38.914003,"4,500,000","97th",98
"99",99,"Changsha","Changsha","China",4450000,"",112.938814,28.228209,"4,450,000","99th",99
"100",100,"Melbourne","Melbourne","Australia",4400000,"",144.96328,-37.814107,"4,400,000","100th",100
"101",101,"Phoenix","Phoenix","United States of America",4325000,"",-112.0740373,33.4483771,"4,325,000","101st",101
"102",102,"Busan","Pusan","Korea (South)",4275000,"",121.5098341,31.2978557,"4,275,000","102nd",102
"103",103,"Napoli","Naples","Italy",4250000,"",14.2681244,40.8517746,"4,250,000","103rd",103
"104",104,"Jiddah","Jeddah","Saudi Arabia",4225000,"",39.2375507,21.2854067,"4,225,000","104th",104
"105",105,"Taiyuan","Taiyuan","China",4200000,"",112.548879,37.87059,"4,200,000","105th",105
"106",106,"Casablanca","Casablanca","Morocco",4175000,"",-7.5898434,33.5731104,"4,175,000","106th",106
"107",107,"Al-Kuwayt","Kuwait City","Kuwait",4150000,"",47.9774052,29.375859,"4,150,000","107th",107
"108",108,"Cape Town","Cape Town","South Africa",4125000,"",18.4240553,-33.9248685,"4,125,000","108th",108
"109",108,"Kano","Kano","Nigeria",4125000,"",8.5919561,12.0021794,"4,125,000","108th",109
"110",110,"Montréal","Montreal","Canada",4100000,"",-73.567256,45.5016889,"4,100,000","110th",110
"111",111,"Porto Alegre","Porto Alegre","Brazil",4075000,"",-51.2176584,-30.0346471,"4,075,000","111th",111
"112",111,"Seattle","Seattle","United States of America",4075000,"",-122.3320708,47.6062095,"4,075,000","111th",112
"113",113,"Tampa","Tampa","United States of America",4025000,"incl. Lakeland, St. Petersburg, Sarasota",-82.4571776,27.950575,"4,025,000","113th",113
"114",114,"Faisalābād","Faisalabad","Pakistan",3950000,"",73.0791073,31.4187142,"3,950,000","114th",114
"115",114,"Jinan","Jinan","China",3950000,"",117.12,36.651216,"3,950,000","114th",115
"116",114,"Kunming","Kunming","China",3950000,"",102.832892,24.880095,"3,950,000","114th",116
"117",117,"Dubayy","Dubai","United Arab Emirates",3925000,"incl. Ash-Shāriqah [Sharjah]",55.2707828,25.2048493,"3,925,000","117th",117
"118",117,"Fuzhou","Fuzhou","China",3925000,"",119.296494,26.074508,"3,925,000","117th",118
"119",119,"Rāwalpindi","Rawalpindi","Pakistan",3850000,"incl. Islamabad",73.0441352,33.598394,"3,850,000","119th",119
"120",119,"Shijiazhuang","Shijiazhuang","China",3850000,"",114.51486,38.042307,"3,850,000","119th",120
"121",121,"Brasília","Brasília","Brazil",3825000,"",-47.8821658,-15.7942287,"3,825,000","121st",121
"122",122,"Medellín","Medellín","Colombia",3800000,"",-75.5645737,6.2530408,"3,800,000","122nd",122
"123",123,"Recife","Recife","Brazil",3775000,"",-34.8828969,-8.0578381,"3,775,000","123rd",123
"124",124,"Kābol","Kabul","Afghanistan",3725000,"",69.207486,34.5553494,"3,725,000","124th",124
"125",125,"Caracas","Caracas","Venezuela",3700000,"",-66.9036063,10.4805937,"3,700,000","125th",125
"126",125,"Changchun","Changchun","China",3700000,"",125.323544,43.817072,"3,700,000","125th",126
"127",127,"El Djazaïr","Algiers","Algeria",3675000,"",3.0465875,36.7547884,"3,675,000","127th",127
"128",127,"Nanchang","Nanchang","China",3675000,"",115.858198,28.682892,"3,675,000","127th",128
"129",129,"Salvador","Salvador","Brazil",3650000,"",-38.502304,-12.9730401,"3,650,000","129th",129
"130",129,"Santo Domingo","Santo Domingo","Dominican Republic",3650000,"",-69.9312117,18.4860575,"3,650,000","129th",130
"131",131,"Ürümqi","Ürümqi","China",3625000,"",87.616848,43.825592,"3,625,000","131st",131
"132",132,"Roma","Rome","Italy",3600000,"",12.4963655,41.9027835,"3,600,000","132nd",132
"133",133,"Fortaleza","Fortaleza","Brazil",3575000,"",-38.5266704,-3.7318616,"3,575,000","133rd",133
"134",134,"Denver","Denver","United States of America",3525000,"",-104.990251,39.7392358,"3,525,000","134th",134
"135",134,"Jaipur","Jaipur","India",3525000,"",75.7872709,26.9124336,"3,525,000","134th",135
"136",136,"Adis Abeba","Addis Ababa","Ethiopia",3475000,"",38.7577605,8.9806034,"3,475,000","136th",136
"137",136,"Dimashq","Damascus","Syria",3475000,"",36.2765279,33.5138073,"3,475,000","136th",137
"138",138,"Athínai","Athens","Greece",3425000,"",23.7293599,37.983917,"3,425,000","138th",138
"139",138,"Medan","Medan","Indonesia",3425000,"",98.6722227,3.5951956,"3,425,000","138th",139
"140",140,"Kyïv","Kiev","Ukraine",3375000,"",30.5234,50.4501,"3,375,000","140th",140
"141",141,"Ammān","Amman","Jordan",3350000,"",35.9456951,31.9565783,"3,350,000","141st",141
"142",141,"Ningbo","Ningbo","China",3350000,"",121.54399,29.868336,"3,350,000","141st",142
"143",143,"Lucknow","Lucknow","India",3325000,"",80.946166,26.8466937,"3,325,000","143rd",143
"144",143,"Zibo","Zibo","China",3325000,"",118.054927,36.813487,"3,325,000","143rd",144
"145",145,"Dakar","Dakar","Senegal",3300000,"",-17.3660286,14.7645042,"3,300,000","145th",145
"146",146,"Curitiba","Curitiba","Brazil",3275000,"",-49.267137,-25.4289541,"3,275,000","146th",146
"147",146,"Kānpur","Kanpur","India",3275000,"",80.3318736,26.449923,"3,275,000","146th",147
"148",146,"San Diego","San Diego","United States of America",3275000,"",-117.1610838,32.715738,"3,275,000","146th",148
"149",146,"Wuxi","Wuxi","China",3275000,"",120.31191,31.49117,"3,275,000","146th",149
"150",150,"Durban","Durban","South Africa",3225000,"",31.0218404,-29.8586804,"3,225,000","150th",150
"151",151,"Nanning","Nanning","China",3200000,"",108.366543,22.817002,"3,200,000","151st",151
"152",152,"Ibadan","Ibadan","Nigeria",3150000,"",3.9470396,7.3775355,"3,150,000","152nd",152
"153",153,"Birmingham","Birmingham","Great Britain",3125000,"",-1.890401,52.486243,"3,125,000","153rd",153
"154",153,"Frankfurt am Main","Frankfurt am Main","Germany",3125000,"incl. Wiebaden/Mainz, Darmstadt",8.6821267,50.1109221,"3,125,000","153rd",154
"155",155,"Rotterdam","Rotterdam","Netherlands",3100000,"Randstad South; incl. 's-Gravenhage (The Hague)",4.4777325,51.9244201,"3,100,000","155th",155
"156",156,"Cleveland","Cleveland","United States of America",3075000,"incl. Akron",-81.6943605,41.49932,"3,075,000","156th",156
"157",156,"Mashhad","Meshed","Iran",3075000,"",59.6167549,36.2604623,"3,075,000","156th",157
"158",156,"Orlando","Orlando","United States of America",3075000,"",-81.3792365,28.5383355,"3,075,000","156th",158
"159",159,"Campinas","Campinas","Brazil",3050000,"",-47.0626332,-22.9099384,"3,050,000","159th",159
"160",159,"Minneapolis","Minneapolis","United States of America",3050000,"",-93.2650108,44.977753,"3,050,000","159th",160
"161",161,"Kampala","Kampala","Uganda",3025000,"",32.5825197,0.3475964,"3,025,000","161st",161
"162",161,"Nāgpur","Nagpur","India",3025000,"",79.0881546,21.1458004,"3,025,000","161st",162
"163",163,"Ciudad de Guatemala","Guatemala City","Guatemala",3000000,"",-90.5068824,14.6349149,"3,000,000","163rd",163
"164",163,"Guayaquil","Guayaquil","Ecuador",3000000,"",-79.9223592,-2.1709979,"3,000,000","163rd",164
"165",163,"Manchester","Manchester","Great Britain",3000000,"",-2.2426305,53.4807593,"3,000,000","163rd",165
"166",166,"Puebla","Puebla","Mexico",2975000,"",-98.2061996,19.0412967,"2,975,000","166th",166
"167",167,"Bamako","Bamako","Mali",2950000,"",-8.0028892,12.6392316,"2,950,000","167th",167
"168",167,"Hà Nội","Hanoi","Vietnam",2950000,"",105.8201408,21.0031177,"2,950,000","167th",168
"169",167,"İzmir","Izmir","Turkey",2950000,"",27.142826,38.423734,"2,950,000","167th",169
"170",170,"Cali","Cali","Colombia",2925000,"",-76.5319854,3.4516467,"2,925,000","170th",170
"171",171,"Brisbane","Brisbane","Australia",2900000,"incl. Gold Coast",153.0234489,-27.4710107,"2,900,000","171st",171
"172",172,"Guiyang","Guiyang","China",2875000,"",106.630154,26.647661,"2,875,000","172nd",172
"173",173,"Lanzhou","Lanzhou","China",2850000,"",103.834304,36.061089,"2,850,000","173rd",173
"174",173,"Port-au-Prince","Port-au-Prince","Haiti",2850000,"",-72.3074326,18.594395,"2,850,000","173rd",174
"175",175,"Abuja","Abuja","Nigeria",2825000,"",7.398574,9.0764785,"2,825,000","175th",175
"176",175,"Douala","Douala","Cameroon",2825000,"",9.7678687,4.0510564,"2,825,000","175th",176
"177",175,"P'yŏngyang","Pyongyang","Korea (North)",2825000,"",125.7295974,39.0386891,"2,825,000","175th",177
"178",178,"Gaoxiong","Kaohsiung","Taiwan (Rep. of China)",2800000,"",NA,NA,"2,800,000","178th",178
"179",178,"Huizhou","Huizhou","China",2800000,"",114.415801,23.112257,"2,800,000","178th",179
"180",180,"Indore","Indore","India",2775000,"",75.8577258,22.7195687,"2,775,000","180th",180
"181",180,"Kāṭhmāḍaũ","Kathmandu","Nepal",2775000,"",NA,NA,"2,775,000","180th",181
"182",182,"Daegu","Taegu","Korea (South)",2750000,"",128.601445,35.8714354,"2,750,000","182nd",182
"183",182,"Eṣfahān","Isfahan","Iran",2750000,"",51.6679826,32.6546275,"2,750,000","182nd",183
"184",182,"Hamburg","Hamburg","Germany",2750000,"",9.9936818,53.5510846,"2,750,000","182nd",184
"185",185,"Cincinnati","Cincinnati","United States of America",2725000,"incl. Dayton",-84.5120196,39.1031182,"2,725,000","185th",185
"186",185,"Yaoundé","Yaoundé","Cameroon",2725000,"",11.5020752,3.8480325,"2,725,000","185th",186
"187",187,"Changzhou","Changzhou","China",2675000,"",119.974062,31.811226,"2,675,000","187th",187
"188",187,"Jiangyin","Jiangyin","China",2675000,"",120.284939,31.920658,"2,675,000","187th",188
"189",187,"Kumasi","Kumasi","Ghana",2675000,"",-1.6162709,6.6666004,"2,675,000","187th",189
"190",190,"Fukuoka","Fukuoka","Japan",2650000,"",130.4017155,33.5903547,"2,650,000","190th",190
"191",190,"Toshkent","Tashkent","Uzbekistan",2650000,"",69.2400734,41.2994958,"2,650,000","190th",191
"192",192,"Lisboa","Lisbon","Portugal",2600000,"",-9.1393366,38.7222524,"2,600,000","192nd",192
"193",193,"Budapest","Budapest","Hungary",2575000,"",19.040235,47.497912,"2,575,000","193rd",193
"194",194,"Bhilai","Bhilai","India",2550000,"incl. Raipur",81.3509416,21.1938475,"2,550,000","194th",194
"195",194,"Quito","Quito","Ecuador",2550000,"",-78.4678382,-0.1806532,"2,550,000","194th",195
"196",194,"Xuzhou","Xuzhou","China",2550000,"",117.284124,34.205768,"2,550,000","194th",196
"197",197,"Anshan","Anshan","China",2500000,"incl. Liaoyang",122.994329,41.108647,"2,500,000","197th",197
"198",197,"Sapporo","Sapporo","Japan",2500000,"",141.3543763,43.0620958,"2,500,000","197th",198
"199",197,"Tel Aviv-Yafo","Tel Aviv-Jaffa","Israel",2500000,"",34.7817676,32.0852999,"2,500,000","197th",199
"200",197,"Tūnis","Tunis","Tunisia",2500000,"",10.1815316,36.8064948,"2,500,000","197th",200
"201",197,"Vancouver","Vancouver","Canada",2500000,"",-123.1207375,49.2827291,"2,500,000","197th",201
"202",202,"Maracaibo","Maracaibo","Venezuela",2475000,"",-71.7147951,10.6544509,"2,475,000","202nd",202
"203",202,"Patna","Patna","India",2475000,"",85.1375645,25.5940947,"2,475,000","202nd",203
"204",202,"Ṣan'ā'","Sana'a","Yemen",2475000,"",49.6554124,16.0905301,"2,475,000","202nd",204
"205",205,"Bakı","Baku","Azerbaijan",2450000,"",49.8670924,40.4092617,"2,450,000","205th",205
"206",205,"Coimbatore","Coimbatore","India",2450000,"",76.9558321,11.0168445,"2,450,000","205th",206
"207",205,"Tangshan","Tangshan","China",2450000,"",118.180194,39.630867,"2,450,000","205th",207
"208",208,"Hyderābād","Hyderabad","Pakistan",2425000,"",68.3693897,25.3817509,"2,425,000","208th",208
"209",209,"Ad-Dammām","Dammam","Saudi Arabia",2375000,"",49.9777136,26.3926665,"2,375,000","209th",209
"210",209,"Amsterdam","Amsterdam","Netherlands",2375000,"Randstad North",4.8951679,52.3702157,"2,375,000","209th",210
"211",209,"Katowice","Katowice","Poland",2375000,"Upper Silesian Area",19.0237815,50.2648919,"2,375,000","209th",211
"212",212,"St. Louis","St. Louis","United States of America",2350000,"",-90.1994042,38.6270025,"2,350,000","212th",212
"213",212,"Taizhong","Taichung","Taiwan (Rep. of China)",2350000,"",120.6736482,24.1477358,"2,350,000","212th",213
"214",214,"Harare","Harare","Zimbabwe",2325000,"",31.03351,-17.8251657,"2,325,000","214th",214
"215",214,"Stuttgart","Stuttgart","Germany",2325000,"",9.1829321,48.7758459,"2,325,000","214th",215
"216",216,"Salt Lake City","Salt Lake City","United States of America",2300000,"incl. Ogden, Provo",-111.8910474,40.7607793,"2,300,000","216th",216
"217",217,"Cebu","Cebu","Philippines",2275000,"",123.8854366,10.3156992,"2,275,000","217th",217
"218",217,"Charlotte","Charlotte","United States of America",2275000,"",-80.8431267,35.2270869,"2,275,000","217th",218
"219",217,"Gujrānwāla","Gujranwala","Pakistan",2275000,"",74.1842254,32.1543783,"2,275,000","217th",219
"220",217,"Lusaka","Lusaka","Zambia",2275000,"",28.3228165,-15.3875259,"2,275,000","217th",220
"221",217,"Portland","Portland","United States of America",2275000,"",-122.6764816,45.5230622,"2,275,000","217th",221
"222",217,"Warszawa","Warsaw","Poland",2275000,"",21.0122287,52.2296756,"2,275,000","217th",222
"223",223,"Goiânia","Goiânia","Brazil",2250000,"",-49.2647943,-16.6868912,"2,250,000","223rd",223
"224",224,"Antananarivo","Tananarive","Madagascar",2225000,"",47.5079055,-18.8791902,"2,225,000","224th",224
"225",224,"Conakry","Conakry","Guinea",2225000,"",-13.5784012,9.6411855,"2,225,000","224th",225
"226",224,"La Habana","Havana","Cuba",2225000,"",-82.3665956,23.1135925,"2,225,000","224th",226
"227",227,"Asunción","Asunción","Paraguay",2200000,"",-57.575926,-25.2637399,"2,200,000","227th",227
"228",227,"București","Bucharest","Romania",2200000,"",26.1025384,44.4267674,"2,200,000","227th",228
"229",227,"Maputo","Maputo","Mozambique",2200000,"",32.6051351,-25.891968,"2,200,000","227th",229
"230",227,"München","Munich","Germany",2200000,"",11.5819806,48.1351253,"2,200,000","227th",230
"231",227,"Okayama","Okayama","Japan",2200000,"incl. Fukuyama",133.9195019,34.6551456,"2,200,000","227th",231
"232",232,"Bhopāl","Bhopal","India",2175000,"",77.412615,23.2599333,"2,175,000","232nd",232
"233",233,"Baotou","Baotou","China",2150000,"",109.840349,40.657378,"2,150,000","233rd",233
"234",233,"Belém","Belém","Brazil",2150000,"",-48.4901799,-1.4557549,"2,150,000","233rd",234
"235",233,"Leeds","Leeds","Great Britain",2150000,"",-1.5490774,53.8007554,"2,150,000","233rd",235
"236",233,"Multān","Multan","Pakistan",2150000,"",71.4687028,30.1983807,"2,150,000","233rd",236
"237",233,"San Juan","San Juan","Puerto Rico",2150000,"",-66.1057355,18.4655394,"2,150,000","233rd",237
"238",233,"Toluca","Toluca","Mexico",2150000,"",-99.6556653,19.2826098,"2,150,000","233rd",238
"239",233,"Wien","Vienna","Austria",2150000,"",16.3738189,48.2081743,"2,150,000","233rd",239
"240",240,"Ḥalab","Aleppo","Syria",2125000,"",37.1342603,36.2021047,"2,125,000","240th",240
"241",241,"Cixi","Cixi","China",2100000,"",121.266579,30.169665,"2,100,000","241st",241
"242",241,"Ouagadougou","Ouagadougou","Burkina Faso",2100000,"",-1.5196603,12.3714277,"2,100,000","241st",242
"243",241,"Yantai","Yantai","China",2100000,"",121.447935,37.463822,"2,100,000","241st",243
"244",244,"Las Vegas","Las Vegas","United States of America",2075000,"",-115.1398296,36.1699412,"2,075,000","244th",244
"245",244,"Manaus","Manaus","Brazil",2075000,"",-60.0217314,-3.1190275,"2,075,000","244th",245
"246",244,"Perth","Perth","Australia",2075000,"",115.8570471,-31.9535132,"2,075,000","244th",246
"247",244,"Pittsburgh","Pittsburgh","United States of America",2075000,"",-79.9958864,40.4406248,"2,075,000","244th",247
"248",244,"Port Harcourt","Port Harcourt","Nigeria",2075000,"",7.0498442,4.815554,"2,075,000","244th",248
"249",244,"Stockholm","Stockholm","Sweden",2075000,"",18.0685808,59.3293235,"2,075,000","244th",249
"250",244,"Taizhou","Taizhou","China",2075000,"",121.42076,28.65638,"2,075,000","244th",250
"251",251,"Āgra","Agra","India",2050000,"",78.0080745,27.1766701,"2,050,000","251st",251
"252",251,"Kitakyūshū","Kitakyushu","Japan",2050000,"incl. Shimonoseki",130.8752161,33.8834093,"2,050,000","251st",252
"253",251,"San Antonio","San Antonio","United States of America",2050000,"",-98.4936282,29.4241219,"2,050,000","251st",253
"254",251,"Semarang","Semarang","Indonesia",2050000,"",110.4381254,-7.0051453,"2,050,000","251st",254
"255",251,"Vadodara","Vadodara","India",2050000,"",73.1812187,22.3071588,"2,050,000","251st",255
"256",256,"Ad-Dawḥah","Doha","Qatar",2025000,"",51.5310398,25.2854473,"2,025,000","256th",256
"257",256,"Bruxelles","Brussels","Belgium",2025000,"",4.3517103,50.8503396,"2,025,000","256th",257
"258",256,"Chandīgarh","Chandigarh","India",2025000,"",76.7567368,30.7399738,"2,025,000","256th",258
"259",259,"Barranquilla","Barranquilla","Colombia",2000000,"",-74.8069813,11.0041072,"2,000,000","259th",259
"260",260,"Sacramento","Sacramento","United States of America",1980000,"",-121.4943996,38.5815719,"1,980,000","260th",260
"261",260,"Visākhapatnam","Vishakhapatnam","India",1980000,"",83.2184815,17.6868159,"1,980,000","260th",261
"262",262,"Luoyang","Luoyang","China",1960000,"",112.45404,34.619683,"1,960,000","262nd",262
"263",262,"Minsk","Minsk","Belarus",1960000,"",27.5615244,53.9045398,"1,960,000","262nd",263
"264",264,"Bursa","Bursa","Turkey",1950000,"",29.0609636,40.1885281,"1,950,000","264th",264
"265",264,"Nantong","Nantong","China",1950000,"",120.894291,31.980172,"1,950,000","264th",265
"266",266,"Lyon","Lyon","France",1930000,"",4.835659,45.764043,"1,930,000","266th",266
"267",266,"Valencia","Valencia","Venezuela",1930000,"",-67.9972104,10.1579312,"1,930,000","266th",267
"268",268,"Kansas City","Kansas City","United States of America",1920000,"",-94.5785667,39.0997265,"1,920,000","268th",268
"269",268,"Liuzhou","Liuzhou","China",1920000,"",109.42841,24.326038,"1,920,000","268th",269
"270",268,"Rabat","Rabat","Morocco",1920000,"",-6.8498129,33.9715904,"1,920,000","268th",270
"271",271,"Indianapolis","Indianapolis","United States of America",1910000,"",-86.158068,39.768403,"1,910,000","271st",271
"272",272,"Brazzaville","Brazzaville","Congo (Rep.)",1900000,"",15.3120979,-4.3043976,"1,900,000","272nd",272
"273",272,"Peshāwar","Peshawar","Pakistan",1900000,"",71.5804899,34.0149748,"1,900,000","272nd",273
"274",274,"La Paz","La Paz","Bolivia",1890000,"",-68.1192936,-16.489689,"1,890,000","274th",274
"275",275,"Huai'an","Huai'an","China",1880000,"",119.015288,33.61036,"1,880,000","275th",275
"276",275,"Phnum Pénh","Phnom Penh","Cambodia",1880000,"",104.8921668,11.5448729,"1,880,000","275th",276
"277",275,"Tijuana","Tijuana","Mexico",1880000,"",-117.0382471,32.5149469,"1,880,000","275th",277
"278",278,"Hiroshima","Hiroshima","Japan",1870000,"",132.4552927,34.3852029,"1,870,000","278th",278
"279",278,"Lubumbashi","Lubumbashi","Congo (Dem. Rep.)",1870000,"",27.5026174,-11.6876026,"1,870,000","278th",279
"280",278,"Makkah","Mecca","Saudi Arabia",1870000,"",39.8579118,21.3890824,"1,870,000","278th",280
"281",281,"Mbuji-Mayi","Mbuji-Mayi","Congo (Dem. Rep.)",1860000,"",23.5966577,-6.1306709,"1,860,000","281st",281
"282",281,"Santa Cruz","Santa Cruz","Bolivia",1860000,"",-63.1560853,-17.8145819,"1,860,000","281st",282
"283",283,"Ludhiāna","Ludhiana","India",1840000,"",75.8572758,30.900965,"1,840,000","283rd",283
"284",283,"San José","San José","Costa Rica",1840000,"",-84.0907246,9.9280694,"1,840,000","283rd",284
"285",285,"Liverpool","Liverpool","Great Britain",1830000,"",-2.9915726,53.4083714,"1,830,000","285th",285
"286",285,"Montevideo","Montevideo","Uruguay",1830000,"",-56.1645314,-34.9011127,"1,830,000","285th",286
"287",285,"Nāshik","Nasik","India",1830000,"",73.7898023,19.9974533,"1,830,000","285th",287
"288",288,"Lomé","Lomé","Togo",1820000,"",1.2313618,6.1724969,"1,820,000","288th",288
"289",288,"San Salvador","San Salvador","El Salvador",1820000,"",-89.2181911,13.6929403,"1,820,000","288th",289
"290",290,"Haikou","Haikou","China",1800000,"",110.198293,20.044002,"1,800,000","290th",290
"291",290,"León","León","Mexico",1800000,"",-101.6859605,21.1250077,"1,800,000","290th",291
"292",292,"Ghazzah","Gaza","Palestinian Territories",1790000,"",34.4668445,31.5016951,"1,790,000","292nd",292
"293",292,"Vārānasi","Benares","India",1790000,"",82.9739144,25.3176452,"1,790,000","292nd",293
"294",292,"Vitória","Vitória","Brazil",1790000,"",-40.2957768,-20.2976178,"1,790,000","292nd",294
"295",295,"Hohhot","Huhehot","China",1780000,"",111.749181,40.842585,"1,780,000","295th",295
"296",295,"Makassar","Makassar","Indonesia",1780000,"",119.4327314,-5.1476651,"1,780,000","295th",296
"297",295,"Yangzhou","Yangzhou","China",1780000,"",119.412947,32.394213,"1,780,000","295th",297
"298",298,"Almaty","Alma-Ata","Kazakhstan",1770000,"",76.8512485,43.2220146,"1,770,000","298th",298
"299",299,"Huainan","Huainan","China",1760000,"",116.999933,32.625478,"1,760,000","299th",299
"300",299,"Nižnij Novgorod","Nizhny Novgorod","Russia",1760000,"",43.9360589,56.2965039,"1,760,000","299th",300
"301",299,"Vijayawāda","Vijayawada","India",1760000,"",80.6480153,16.5061743,"1,760,000","299th",301
"302",302,"Valencia","Valencia","Spain",1750000,"",-0.3762881,39.4699075,"1,750,000","302nd",302
"303",303,"Austin","Austin","United States of America",1740000,"",-97.7430608,30.267153,"1,740,000","303rd",303
"304",304,"Bhubaneswar","Bhubaneswar","India",1730000,"incl. Cuttack",85.8245398,20.2960587,"1,730,000","304th",304
"305",305,"Linyi","Linyi","China",1720000,"",118.356414,35.104674,"1,720,000","305th",305
"306",305,"Muqdisho","Mogadishu","Somalia",1720000,"",45.3181623,2.0469343,"1,720,000","305th",306
"307",307,"Hengyang","Hengyang","China",1710000,"",112.572018,26.893369,"1,710,000","307th",307
"308",307,"Shīrāz","Shiraz","Iran",1710000,"",52.5836982,29.5917677,"1,710,000","307th",308
"309",309,"Hartford","Hartford","United States of America",1700000,"incl. Springfield, MA",-72.6850932,41.7637111,"1,700,000","309th",309
"310",310,"Palembang","Palembang","Indonesia",1690000,"",104.7754307,-2.9760735,"1,690,000","310th",310
"311",310,"Santos","Santos","Brazil",1690000,"",-46.3288865,-23.9678823,"1,690,000","310th",311
"312",312,"Adana","Adana","Turkey",1680000,"",35.3308285,36.9914194,"1,680,000","312th",312
"313",312,"Kaduna","Kaduna","Nigeria",1680000,"",7.4165053,10.5104642,"1,680,000","312th",313
"314",312,"Torino","Turin","Italy",1680000,"",7.6868565,45.070312,"1,680,000","312th",314
"315",315,"Charkiv","Kharkov","Ukraine",1650000,"",36.230383,49.9935,"1,650,000","315th",315
"316",315,"Novosibirsk","Novosibirsk","Russia",1650000,"",82.9357327,55.0083526,"1,650,000","315th",316
"317",315,"Rājkot","Rajkot","India",1650000,"",70.8021599,22.3038945,"1,650,000","315th",317
"318",318,"Columbus","Columbus","United States of America",1640000,"",-82.9987942,39.9611755,"1,640,000","318th",318
"319",318,"Madurai","Madurai","India",1640000,"",78.1197754,9.9252007,"1,640,000","318th",319
"320",318,"Marseille","Marseille","France",1640000,"",5.36978,43.296482,"1,640,000","318th",320
"321",321,"Córdoba","Córdoba","Argentina",1620000,"",-64.1887761,-31.4200833,"1,620,000","321st",321
"322",321,"Glasgow","Glasgow","Great Britain",1620000,"",-4.251806,55.864237,"1,620,000","321st",322
"323",321,"Tabrīz","Tabriz","Iran",1620000,"",46.2738013,38.096239,"1,620,000","321st",323
"324",324,"Baoding","Baoding","China",1610000,"",115.46459,38.874434,"1,610,000","324th",324
"325",324,"København","Copenhagen","Denmark",1610000,"",12.5683371,55.6760968,"1,610,000","324th",325
"326",324,"Virginia Beach","Virginia Beach","United States of America",1610000,"incl. Norfolk",-75.977985,36.8529263,"1,610,000","324th",326
"327",327,"Cotonou","Cotonou","Benin",1600000,"",2.3912362,6.3702928,"1,600,000","327th",327
"328",327,"Daejeon","Taejon","Korea (South)",1600000,"",127.3845475,36.3504119,"1,600,000","327th",328
"329",327,"Jekaterinburg","Yekaterinburg","Russia",1600000,"",60.6057025,56.8389261,"1,600,000","327th",329
"330",327,"Meerut","Meerut","India",1600000,"",77.7064137,28.9844618,"1,600,000","327th",330
"331",327,"Weifang","Weifang","China",1600000,"",119.161749,36.706962,"1,600,000","327th",331
"332",332,"Aurangābād","Aurangabad","India",1590000,"",75.3433139,19.8761653,"1,590,000","332nd",332
"333",332,"Gwangju","Kwangju","Korea (South)",1590000,"",126.8526012,35.1595454,"1,590,000","332nd",333
"334",334,"Bayrūt","Beirut","Lebanon",1580000,"",35.4954794,33.8886289,"1,580,000","334th",334
"335",335,"Yiwu","Yiwu","China",1570000,"",120.07514,29.306757,"1,570,000","335th",335
"336",336,"Daqing","Daqing","China",1560000,"",125.103784,46.58931,"1,560,000","336th",336
"337",336,"Gaziantep","Gaziantep","Turkey",1560000,"",37.37811,37.065953,"1,560,000","336th",337
"338",336,"Xiangyang","Xiangyang","China",1560000,"",112.122415,32.008986,"1,560,000","336th",338
"339",339,"George Town","George Town","Malaysia",1550000,"",100.3297612,5.414921,"1,550,000","339th",339
"340",339,"Zhuhai","Zhuhai","China",1550000,"",113.576678,22.270978,"1,550,000","339th",340
"341",341,"Jamshedpur","Jamshedpur","India",1540000,"",86.2028754,22.8045665,"1,540,000","341st",341
"342",341,"Milwaukee","Milwaukee","United States of America",1540000,"",-87.9064736,43.0389025,"1,540,000","341st",342
"343",341,"Sheffield","Sheffield","Great Britain",1540000,"",-1.470085,53.381129,"1,540,000","341st",343
"344",344,"Kochi","Cochin","India",1530000,"",76.2673041,9.9312328,"1,530,000","344th",344
"345",344,"Mannheim","Mannheim","Germany",1530000,"",8.4660395,49.4874592,"1,530,000","344th",345
"346",344,"Yinchuan","Yinchuan","China",1530000,"",106.230909,38.487194,"1,530,000","344th",346
"347",347,"Datong","Datong","China",1520000,"",113.300129,40.076763,"1,520,000","347th",347
"348",348,"Jilin","Jilin","China",1510000,"",126.549572,43.837883,"1,510,000","348th",348
"349",349,"Āsansol","Āsansol","India",1500000,"",86.9523954,23.6739452,"1,500,000","349th",349
"350",349,"Denpasar","Denpasar","Indonesia",1500000,"",115.2126293,-8.6704582,"1,500,000","349th",350
"351",351,"Raleigh","Raleigh","United States of America",1490000,"",-78.6381787,35.7795897,"1,490,000","351st",351
"352",351,"Sendai","Sendai","Japan",1490000,"",140.8693558,38.268215,"1,490,000","351st",352
"353",353,"Benin City","Benin City","Nigeria",1480000,"",5.6037465,6.334986,"1,480,000","353rd",353
"354",353,"Yerevan","Yerevan","Armenia",1480000,"",44.4991029,40.1791857,"1,480,000","353rd",354
"355",355,"Al-Mawṣil","Mosul","Iraq",1470000,"",43.1640004,36.3566484,"1,470,000","355th",355
"356",355,"Auckland","Auckland","New Zealand",1470000,"",174.7633315,-36.8484597,"1,470,000","355th",356
"357",355,"Donėc'k","Donetsk","Ukraine",1470000,"",37.80285,48.015883,"1,470,000","355th",357
"358",355,"Praha","Prague","Czech Republic",1470000,"",14.4378005,50.0755381,"1,470,000","355th",358
"359",359,"Ciudad de Panamá","Panama City","Panama",1460000,"",-79.4028639,9.1011785,"1,460,000","359th",359
"360",359,"Newcastle upon Tyne","Newcastle upon Tyne","Great Britain",1460000,"",-1.61778,54.978252,"1,460,000","359th",360
"361",361,"Srīnagar","Srinagar","India",1450000,"",74.7972825,34.0836708,"1,450,000","361st",361
"362",362,"Ciudad Juárez","Ciudad Juárez","Mexico",1440000,"",-106.4245478,31.6903638,"1,440,000","362nd",362
"363",362,"Freetown","Freetown","Sierra Leone",1440000,"",-13.2317225,8.4656765,"1,440,000","362nd",363
"364",364,"Al-Baṣrah","Basra","Iraq",1420000,"",47.7834888,30.5081033,"1,420,000","364th",364
"365",364,"Calgary","Calgary","Canada",1420000,"",-114.0708459,51.0486151,"1,420,000","364th",365
"366",364,"Malang","Malang","Indonesia",1420000,"",112.6326321,-7.9666204,"1,420,000","364th",366
"367",367,"São Luís","São Luís","Brazil",1410000,"",-44.2829046,-2.5391099,"1,410,000","367th",367
"368",367,"Volgograd","Volgograd","Russia",1410000,"",44.5133034,48.708048,"1,410,000","367th",368
"369",369,"Beograd","Belgrade","Serbia",1400000,"",20.4489216,44.786568,"1,400,000","369th",369
"370",369,"Čel'abinsk","Chelyabinsk","Russia",1400000,"",61.4368431,55.1644419,"1,400,000","369th",370
"371",369,"Mandalay","Mandalay","Myanmar",1400000,"",96.0891032,21.9588282,"1,400,000","369th",371
"372",372,"Dnipropėtrovs'k","Dnepropetrovsk","Ukraine",1390000,"",35.046183,48.464717,"1,390,000","372nd",372
"373",372,"Jabalpur","Jabalpur","India",1390000,"",79.9864071,23.181467,"1,390,000","372nd",373
"374",374,"Allahābād","Allahabad","India",1370000,"",81.846311,25.4358011,"1,370,000","374th",374
"375",374,"Jiaozuo","Jiaozuo","China",1370000,"",113.241823,35.215893,"1,370,000","374th",375
"376",374,"Maracay","Maracay","Venezuela",1370000,"",-67.6066164,10.2441931,"1,370,000","374th",376
"377",374,"Natal","Natal","Brazil",1370000,"",-35.200916,-5.7792569,"1,370,000","374th",377
"378",378,"Al-Manāmah","Manama","Bahrain",1360000,"",50.5860497,26.2285161,"1,360,000","378th",378
"379",378,"Handan","Handan","China",1360000,"",114.538962,36.625657,"1,360,000","378th",379
"380",378,"Nashville","Nashville","United States of America",1360000,"",-86.7816016,36.1626638,"1,360,000","378th",380
"381",378,"Putian","Putian","China",1360000,"",119.007777,25.454085,"1,360,000","378th",381
"382",378,"Zürich","Zurich","Switzerland",1360000,"incl. Baden",8.541694,47.3768866,"1,360,000","378th",382
"383",383,"Buffalo","Buffalo","United States of America",1350000,"incl. St. Catharines (Canada)",-78.8783689,42.8864468,"1,350,000","383rd",383
"384",383,"Nottingham","Nottingham","Great Britain",1350000,"",-1.1581086,52.9547832,"1,350,000","383rd",384
"385",385,"Al-Madīnah","Medina","Saudi Arabia",1340000,"",39.5691841,24.5246542,"1,340,000","385th",385
"386",385,"Davao","Davao","Philippines",1340000,"",125.455341,7.190708,"1,340,000","385th",386
"387",385,"Managua","Managua","Nicaragua",1340000,"",-86.2361744,12.1149926,"1,340,000","385th",387
"388",385,"Monrovia","Monrovia","Liberia",1340000,"",-10.7605239,6.2907432,"1,340,000","385th",388
"389",385,"Oran","Oran","Algeria",1340000,"",-0.6337376,35.6976541,"1,340,000","385th",389
"390",385,"Rosario","Rosario","Argentina",1340000,"",-60.6505388,-32.9442426,"1,340,000","385th",390
"391",385,"Xiangtan","Xiangtan","China",1340000,"",112.944049,27.829738,"1,340,000","385th",391
"392",392,"Dublin","Dublin","Ireland",1330000,"",-6.2603097,53.3498053,"1,330,000","392nd",392
"393",392,"Sofija","Sofia","Bulgaria",1330000,"",23.3218675,42.6977082,"1,330,000","392nd",393
"394",392,"Xining","Xining","China",1330000,"",101.778224,36.617134,"1,330,000","392nd",394
"395",395,"Huaibei","Huaibei","China",1320000,"",116.798265,33.955845,"1,320,000","395th",395
"396",395,"Jacksonville","Jacksonville","United States of America",1320000,"",-81.655651,30.3321838,"1,320,000","395th",396
"397",395,"Jodhpur","Jodhpur","India",1320000,"",73.0243094,26.2389469,"1,320,000","395th",397
"398",395,"Samara","Samara","Russia",1320000,"",50.2212463,53.2415041,"1,320,000","395th",398
"399",395,"Sevilla","Sevilla","Spain",1320000,"",-5.9844589,37.3890924,"1,320,000","395th",399
"400",400,"Amritsar","Amritsar","India",1310000,"",74.8722642,31.6339793,"1,310,000","400th",400
"401",400,"Hamamatsu","Hamamatsu","Japan",1310000,"",137.7261258,34.7108344,"1,310,000","400th",401
"402",400,"Wuhu","Wuhu","China",1310000,"",118.432941,31.352859,"1,310,000","400th",402
"403",400,"Xingtai","Xingtai","China",1310000,"",114.504844,37.070589,"1,310,000","400th",403
"404",404,"Adelaide","Adelaide","Australia",1300000,"",138.5999594,-34.9286212,"1,300,000","404th",404
"405",404,"Dhanbād","Dhanbad","India",1300000,"",86.4303859,23.7956531,"1,300,000","404th",405
"406",404,"Harrisburg","Harrisburg","United States of America",1300000,"incl. Lancaster, York",-76.8867008,40.2731911,"1,300,000","404th",406
"407",404,"Tainan","Tainan","Taiwan (Rep. of China)",1300000,"",NA,NA,"1,300,000","404th",407
"408",404,"Torreón","Torreón","Mexico",1300000,"",-103.4067861,25.5428443,"1,300,000","404th",408
"409",404,"Ulaanbaatar","Ulan Bator","Mongolia",1300000,"",106.9057439,47.8863988,"1,300,000","404th",409
"410",404,"Xinxiang","Xinxiang","China",1300000,"",113.927016,35.303136,"1,300,000","404th",410
"411",411,"Lille","Lille","France",1290000,"incl. Kortrijk, Mouscron (Belgium)",3.057256,50.62925,"1,290,000","411th",411
"412",411,"Rānchi","Ranchi","India",1290000,"",85.309562,23.3440997,"1,290,000","411th",412
"413",413,"Gwalior","Gwalior","India",1280000,"",78.1828308,26.2182871,"1,280,000","413th",413
"414",413,"Querétaro","Querétaro","Mexico",1280000,"",-100.3898881,20.5887932,"1,280,000","413th",414
"415",413,"Rostov-na-Donu","Rostov-on-Don","Russia",1280000,"",39.701505,47.2357137,"1,280,000","413th",415
"416",413,"Yogyakarta","Yogyakarta","Indonesia",1280000,"",110.3694896,-7.7955798,"1,280,000","413th",416
"417",417,"Edmonton","Edmonton","Canada",1270000,"",-113.4909267,53.544389,"1,270,000","417th",417
"418",417,"McAllen","McAllen","United States of America",1270000,"incl. Brownsville",-98.2300124,26.2034071,"1,270,000","417th",418
"419",419,"Ahvāz","Ahvaz","Iran",1250000,"",48.6706187,31.3183272,"1,250,000","419th",419
"420",419,"Barquisimeto","Barquisimeto","Venezuela",1250000,"",-69.3473509,10.0677719,"1,250,000","419th",420
"421",419,"Chonburi","Chonburi","Thailand",1250000,"incl. Pattaya",100.9846717,13.3611431,"1,250,000","419th",421
"422",419,"Yancheng","Yancheng","China",1250000,"",120.16366,33.347316,"1,250,000","419th",422
"423",423,"Abū Ẓaby","Abu Dhabi","United Arab Emirates",1240000,"",54.6972774,24.2991738,"1,240,000","423rd",423
"424",424,"Helsinki","Helsinki","Finland",1230000,"",24.938379,60.1698557,"1,230,000","424th",424
"425",424,"Tai'an","Tai'an","China",1230000,"",117.087614,36.200252,"1,230,000","424th",425
"426",424,"Tbilisi","Tbilisi","Georgia",1230000,"",44.827096,41.7151377,"1,230,000","424th",426
"427",424,"Tiruppūr","Tirupur","India",1230000,"",77.3410656,11.1085242,"1,230,000","424th",427
"428",428,"Kazan'","Kazan","Russia",1220000,"",49.0660806,55.8304307,"1,220,000","428th",428
"429",428,"Surakarta","Surakarta","Indonesia",1220000,"",110.8243272,-7.5754887,"1,220,000","428th",429
"430",430,"Konya","Konya","Turkey",1210000,"",32.4931554,37.8746429,"1,210,000","430th",430
"431",430,"Ndjamena","Ndjamena","Chad",1210000,"",15.0557415,12.1348457,"1,210,000","430th",431
"432",430,"Port Elizabeth","Port Elizabeth","South Africa",1210000,"",25.5207358,-33.7139247,"1,210,000","430th",432
"433",433,"Cochabamba","Cochabamba","Bolivia",1200000,"",-66.1653224,-17.4139766,"1,200,000","433rd",433
"434",433,"Fès","Fes","Morocco",1200000,"",-5.0078451,34.0181246,"1,200,000","433rd",434
"435",433,"Guilin","Guilin","China",1200000,"",110.179954,25.234479,"1,200,000","433rd",435
"436",433,"Kotā","Kotā","India",1200000,"",75.8647527,25.2138156,"1,200,000","433rd",436
"437",433,"Stockton","Stockton","United States of America",1200000,"incl. Modesto",-121.2907796,37.9577016,"1,200,000","433rd",437
"438",438,"Naha","Naha","Japan",1190000,"",127.6791568,26.2123124,"1,190,000","438th",438
"439",438,"Porto","Porto","Portugal",1190000,"",-8.6291053,41.1579438,"1,190,000","438th",439
"440",438,"Zhangjiakou","Zhangjiakou","China",1190000,"",114.886335,40.767545,"1,190,000","438th",440
"441",441,"Batam","Batam","Indonesia",1180000,"",104.0304535,1.0456264,"1,180,000","441st",441
"442",441,"Masqaṭ","Muscat","Oman",1180000,"",58.4059227,23.58589,"1,180,000","441st",442
"443",441,"Omsk","Omsk","Russia",1180000,"",73.3242362,54.9884804,"1,180,000","441st",443
"444",441,"Ottawa","Ottawa","Canada",1180000,"",-75.6971931,45.4215296,"1,180,000","441st",444
"445",441,"Pekanbaru","Pekanbaru","Indonesia",1180000,"",101.4477793,0.5070677,"1,180,000","441st",445
"446",441,"Qom","Qom","Iran",1180000,"",50.8759419,34.6399443,"1,180,000","441st",446
"447",441,"Quetta","Quetta","Pakistan",1180000,"",66.998734,30.1829713,"1,180,000","441st",447
"448",448,"Bareilly","Bareilly","India",1170000,"",79.4304381,28.3670355,"1,170,000","448th",448
"449",448,"Mianyang","Mianyang","China",1170000,"",104.678946,31.467495,"1,170,000","448th",449
"450",448,"Nürnberg","Nuremberg","Germany",1170000,"",11.07675,49.45203,"1,170,000","448th",450
"451",451,"Antalya","Antalya","Turkey",1160000,"",30.7133233,36.8968908,"1,160,000","451st",451
"452",451,"Arbīl","Erbil","Iraq",1160000,"",44.0088697,36.2062933,"1,160,000","451st",452
"453",451,"Aşgabat","Ashgabat","Turkmenistan",1160000,"",58.3260629,37.9600766,"1,160,000","451st",453
"454",451,"Bengbu","Bengbu","China",1160000,"",117.389719,32.916287,"1,160,000","451st",454
"455",451,"Kumamoto","Kumamoto","Japan",1160000,"",130.7078911,32.8031004,"1,160,000","451st",455
"456",451,"Shizuoka","Shizuoka","Japan",1160000,"",138.3827596,34.975562,"1,160,000","451st",456
"457",451,"Zhanjiang","Zhanjiang","China",1160000,"",110.359336,21.270746,"1,160,000","451st",457
"458",458,"Memphis","Memphis","United States of America",1150000,"",-90.0489801,35.1495343,"1,150,000","458th",458
"459",458,"Qingyuan","Qingyuan","China",1150000,"",113.056031,23.681764,"1,150,000","458th",459
"460",458,"San Luis Potosí","San Luis Potosí","Mexico",1150000,"",-100.9855409,22.1564699,"1,150,000","458th",460
"461",458,"Yichang","Yichang","China",1150000,"",111.286471,30.691967,"1,150,000","458th",461
"462",462,"Oslo","Oslo","Norway",1140000,"",10.7522454,59.9138688,"1,140,000","462nd",462
"463",463,"Bucaramanga","Bucaramanga","Colombia",1130000,"",-73.1227416,7.119349,"1,130,000","463rd",463
"464",463,"Kirkūk","Kirkuk","Iraq",1130000,"",44.3803921,35.4655761,"1,130,000","463rd",464
"465",463,"Ma'anshan","Ma'anshan","China",1130000,"",118.50676,31.670452,"1,130,000","463rd",465
"466",463,"Southampton","Southampton","Great Britain",1130000,"",-1.4043509,50.9097004,"1,130,000","463rd",466
"467",463,"Tiruchirāppalli","Tiruchirappalli","India",1130000,"",78.7046725,10.7904833,"1,130,000","463rd",467
"468",463,"Ulsan","Ulsan","Korea (South)",1130000,"",129.3113596,35.5383773,"1,130,000","463rd",468
"469",463,"Zunyi","Zunyi","China",1130000,"",106.927389,27.725654,"1,130,000","463rd",469
"470",470,"Changshu","Changshu","China",1120000,"",120.752481,31.654376,"1,120,000","470th",470
"471",470,"Hannover","Hanover","Germany",1120000,"",9.7320104,52.3758916,"1,120,000","470th",471
"472",470,"Mombasa","Mombasa","Kenya",1120000,"",39.6682065,-4.0434771,"1,120,000","470th",472
"473",470,"Mysore","Mysore","India",1120000,"",76.6393805,12.2958104,"1,120,000","470th",473
"474",470,"Niamey","Niamey","Niger",1120000,"",2.1253854,13.5115963,"1,120,000","470th",474
"475",470,"Ufa","Ufa","Russia",1120000,"",55.9720554,54.7387621,"1,120,000","470th",475
"476",476,"João Pessoa","João Pessoa","Brazil",1110000,"",-34.8450118,-7.1194958,"1,110,000","476th",476
"477",476,"Maceió","Maceió","Brazil",1110000,"",-35.7089492,-9.6498487,"1,110,000","476th",477
"478",476,"Melbourne","Melbourne","United States of America",1110000,"incl. Palm Bay, Port St. Lucie",-80.6081089,28.0836269,"1,110,000","476th",478
"479",476,"Odėsa","Odessa","Ukraine",1110000,"",30.7233095,46.482526,"1,110,000","476th",479
"480",476,"Qinhuangdao","Qinhuangdao","China",1110000,"",119.600493,39.935385,"1,110,000","476th",480
"481",476,"San Pedro Sula","San Pedro Sula","Honduras",1110000,"",-87.9922684,15.5149204,"1,110,000","476th",481
"482",476,"Serang","Serang","Indonesia",1110000,"",106.1639749,-6.1103661,"1,110,000","476th",482
"483",476,"Ṭarābulus","Tripoli","Libya",1110000,"",13.1913383,32.8872094,"1,110,000","476th",483
"484",484,"Cangnan","Cangnan","China",1100000,"",120.425766,27.51828,"1,100,000","484th",484
"485",484,"Perm'","Perm","Russia",1100000,"",56.2667916,58.0296813,"1,100,000","484th",485
"486",486,"Agadir","Agadir","Morocco",1090000,"",-9.5981072,30.4277547,"1,090,000","486th",486
"487",486,"Alīgarh","Alīgarh","India",1090000,"",78.0880129,27.8973944,"1,090,000","486th",487
"488",486,"Bandar Lampung","Bandar Lampung","Indonesia",1090000,"",105.2667887,-5.3971396,"1,090,000","486th",488
"489",486,"Changwon","Changwon","Korea (South)",1090000,"",127.435462,38.3564344,"1,090,000","486th",489
"490",486,"Greensboro","Greensboro","United States of America",1090000,"",-79.7919754,36.0726354,"1,090,000","486th",490
"491",486,"Krasnojarsk","Krasnoyarsk","Russia",1090000,"",92.8932476,56.0152834,"1,090,000","486th",491
"492",486,"Maoming","Maoming","China",1090000,"",110.925456,21.662999,"1,090,000","486th",492
"493",486,"Morādābād","Morādābād","India",1090000,"",78.7733286,28.8386481,"1,090,000","486th",493
"494",486,"Oklahoma City","Oklahoma City","United States of America",1090000,"",-97.5164276,35.4675602,"1,090,000","486th",494
"495",486,"Saratov","Saratov","Russia",1090000,"",45.9798167,51.5563789,"1,090,000","486th",495
"496",486,"Tegucigalpa","Tegucigalpa","Honduras",1090000,"",-87.192136,14.0722751,"1,090,000","486th",496
"497",486,"Zhuzhou","Zhuzhou","China",1090000,"",113.133853,27.827987,"1,090,000","486th",497
"498",498,"Benxi","Benxi","China",1080000,"",123.685143,41.486981,"1,080,000","498th",498
"499",498,"Cartagena","Cartagena","Colombia",1080000,"",-75.4794257,10.3910485,"1,080,000","498th",499
"500",498,"Lianyungang","Lianyungang","China",1080000,"",119.221611,34.596653,"1,080,000","498th",500
"501",501,"Angeles","Angeles","Philippines",1070000,"",120.5887029,15.1449853,"1,070,000","501st",501
"502",501,"Khulna","Khulna","Bangladesh",1070000,"",89.5403279,22.845641,"1,070,000","501st",502
"503",501,"Lilongwe","Lilongwe","Malawi",1070000,"",33.7741195,-13.9626121,"1,070,000","501st",503
"504",501,"Mérida","Mérida","Mexico",1070000,"",-89.5925857,20.9673702,"1,070,000","501st",504
"505",501,"Onitsha","Onitsha","Nigeria",1070000,"",6.8029489,6.1413122,"1,070,000","501st",505
"506",506,"Aguascalientes","Aguascalientes","Mexico",1060000,"",-102.2915677,21.8852562,"1,060,000","506th",506
"507",506,"Bangui","Bangui","Central African Republic",1060000,"",18.5581899,4.3946735,"1,060,000","506th",507
"508",506,"Guwāhāti","Gauhati","India",1060000,"",91.7362365,26.1445169,"1,060,000","506th",508
"509",506,"Kayseri","Kayseri","Turkey",1060000,"",35.482597,38.720489,"1,060,000","506th",509
"510",506,"Maiduguri","Maiduguri","Nigeria",1060000,"",13.1509672,11.8310981,"1,060,000","506th",510
"511",506,"Marrakech","Marrakesh","Morocco",1060000,"",-7.9810845,31.6294723,"1,060,000","506th",511
"512",506,"Nouakchott","Nouakchott","Mauritania",1060000,"",-15.9582372,18.0735299,"1,060,000","506th",512
"513",506,"Qiqihar","Qiqihar","China",1060000,"",123.918186,47.354348,"1,060,000","506th",513
"514",506,"Rizhao","Rizhao","China",1060000,"",119.526925,35.416734,"1,060,000","506th",514
"515",506,"Zhenjiang","Zhenjiang","China",1060000,"",119.425836,32.187849,"1,060,000","506th",515
"516",516,"Hubli-Dhārwār","Hubli-Dharwar","India",1050000,"",75.1311874,15.3471361,"1,050,000","516th",516
"517",516,"Kaifeng","Kaifeng","China",1050000,"",114.307583,34.797281,"1,050,000","516th",517
"518",516,"Mendoza","Mendoza","Argentina",1050000,"",-68.8458386,-32.8894587,"1,050,000","516th",518
"519",519,"Aba","Aba","Nigeria",1040000,"",7.3732655,5.1215877,"1,040,000","519th",519
"520",519,"Jinzhou","Jinzhou","China",1040000,"",121.782769,39.05046,"1,040,000","519th",520
"521",519,"Louisville","Louisville","United States of America",1040000,"",-85.7584557,38.2526647,"1,040,000","519th",521
"522",519,"Nanchong","Nanchong","China",1040000,"",106.110698,30.837793,"1,040,000","519th",522
"523",519,"Sūsah","Sousse","Tunisia",1040000,"",10.608395,35.825603,"1,040,000","519th",523
"524",519,"Voronež","Voronezh","Russia",1040000,"",39.2088823,51.6754966,"1,040,000","519th",524
"525",525,"Chifeng","Chifeng","China",1030000,"",118.886856,42.257817,"1,030,000","525th",525
"526",525,"Jalandhar","Jullundur","India",1030000,"",75.5761829,31.3260152,"1,030,000","525th",526
"527",525,"Richmond","Richmond","United States of America",1030000,"",-77.4360481,37.5407246,"1,030,000","525th",527
"528",525,"Salem","Salem","India",1030000,"",78.1460142,11.664325,"1,030,000","525th",528
"529",525,"Solāpur","Sholapur","India",1030000,"",75.9063906,17.6599188,"1,030,000","525th",529
"530",530,"Antwerpen","Antwerp","Belgium",1020000,"",4.4024643,51.2194475,"1,020,000","530th",530
"531",530,"El Paso","El Paso","United States of America",1020000,"incl. Las Cruces",-106.4850217,31.7618778,"1,020,000","530th",531
"532",530,"Nanyang","Nanyang","China",1020000,"",112.528308,32.990664,"1,020,000","530th",532
"533",530,"Wanzhou","Wanzhou","China",1020000,"",108.408661,30.807667,"1,020,000","530th",533
"534",534,"Bordeaux","Bordeaux","France",1010000,"",-0.57918,44.837789,"1,010,000","534th",534
"535",534,"Mexicali","Mexicali","Mexico",1010000,"",-115.4522623,32.6245389,"1,010,000","534th",535
"536",534,"New Orleans","New Orleans","United States of America",1010000,"",-90.0715323,29.9510658,"1,010,000","534th",536
"537",534,"Teresina","Teresina","Brazil",1010000,"",-42.7410782,-5.0937396,"1,010,000","534th",537
"538",538,"Baoji","Baoji","China",1000000,"",107.237743,34.363184,"1,000,000","538th",538
"539",538,"Cuernavaca","Cuernavaca","Mexico",1000000,"",-99.2215659,18.9242095,"1,000,000","538th",539
"540",538,"Fuji","Fuji","Japan",1000000,"",138.7277777,35.3605555,"1,000,000","538th",540
"541",538,"Honolulu","Honolulu","United States of America",1000000,"",-157.8583333,21.3069444,"1,000,000","538th",541
"542",538,"Kigali","Kigali","Rwanda",1000000,"",30.1044288,-1.9705786,"1,000,000","538th",542
"543",538,"Málaga","Málaga","Spain",1000000,"",-4.4212655,36.721261,"1,000,000","538th",543
"544",538,"Valparaíso","Valparaíso","Chile",1000000,"",-71.6126885,-33.047238,"1,000,000","538th",544
